boro,nta2010,ntaname2010,comp2010ap,comp2010,comp2011,comp2012,comp2013,comp2014,comp2015,comp2016,comp2017,comp2018,comp2019,comp2020,filed,approved,permitted,withdrawn,inactive,cenunits10,adjunits10,total,totaladj
Brooklyn,BK88,Borough Park,82.0,135.0,167.0,7.0,14.0,44.0,73.0,69.0,61.0,65.0,207.0,355.0,133.0,119.0,327.0,91.0,44.0,31409,31409,32553,32553
Queens,QN51,Murray Hill,36.0,56.0,46.0,26.0,23.0,11.0,-44.0,22.0,62.0,74.0,140.0,109.0,17.0,69.0,445.0,80.0,110.0,19017,19017,19522,19522
Queens,QN27,East Elmhurst,17.0,19.0,7.0,92.0,21.0,21.0,-1.0,4.0,1.0,21.0,28.0,41.0,97.0,6.0,313.0,26.0,69.0,7153,7313,7405,7565
Queens,QN07,Hollis,9.0,9.0,9.0,7.0,3.0,5.0,-3.0,4.0,1.0,21.0,1.0,4.0,45.0,7.0,63.0,40.0,51.0,6689,6689,6750,6750
Brooklyn,BK25,Homecrest,2.0,3.0,23.0,-4.0,-4.0,7.0,-13.0,-5.0,16.0,6.0,24.0,8.0,54.0,-9.0,38.0,-5.0,-4.0,18567,18567,18627,18627
Queens,QN41,Fresh Meadows-Utopia,7.0,7.0,3.0,14.0,8.0,1.0,4.0,-1.0,-1.0,2.0,11.0,3.0,13.0,-4.0,6.0,3.0,1.0,6870,6870,6921,6921
Queens,QN08,St. Albans,20.0,32.0,18.0,34.0,23.0,16.0,74.0,61.0,8.0,205.0,113.0,111.0,36.0,25.0,75.0,151.0,42.0,16170,16170,16853,16853
Brooklyn,BK44,Madison,72.0,72.0,21.0,25.0,43.0,4.0,-3.0,18.0,109.0,142.0,55.0,197.0,39.0,-2.0,171.0,54.0,4.0,16946,16946,17629,17629
Brooklyn,BK41,Kensington-Ocean Parkway,1.0,4.0,7.0,8.0,1.0,2.0,9.0,18.0,55.0,-2.0,4.0,11.0,7.0,55.0,88.0,46.0,6.0,12789,12789,12903,12903
Brooklyn,BK95,Erasmus,35.0,35.0,5.0,-2.0,16.0,45.0,71.0,-9.0,52.0,294.0,215.0,447.0,256.0,262.0,1040.0,42.0,111.0,11231,11231,12400,12400
Bronx,BX33,Longwood,153.0,154.0,243.0,12.0,100.0,2.0,0.0,140.0,72.0,31.0,191.0,141.0,80.0,10.0,75.0,7.0,63.0,9075,9075,10160,10160
Brooklyn,BK69,Clinton Hill,225.0,258.0,251.0,243.0,188.0,174.0,446.0,387.0,422.0,188.0,742.0,349.0,417.0,256.0,1115.0,384.0,146.0,16997,16997,20612,20612
Queens,QN33,Cambria Heights,-1.0,-2.0,2.0,4.0,0.0,0.0,0.0,1.0,0.0,0.0,0.0,0.0,3.0,-2.0,1.0,-1.0,8.0,6220,6220,6226,6226
Brooklyn,BK43,Midwood,36.0,43.0,22.0,-3.0,23.0,-6.0,14.0,-5.0,275.0,1.0,457.0,41.0,37.0,125.0,273.0,165.0,9.0,20918,20918,21773,21773
Brooklyn,BK26,Gravesend,49.0,55.0,20.0,-8.0,67.0,65.0,22.0,18.0,6.0,-4.0,18.0,12.0,26.0,13.0,51.0,22.0,53.0,12514,12514,12779,12779
Brooklyn,BK29,Bensonhurst East,104.0,149.0,64.0,3.0,40.0,9.0,3.0,32.0,4.0,107.0,51.0,12.0,92.0,62.0,89.0,61.0,92.0,25605,25605,26034,26034
Brooklyn,BK72,Williamsburg,13.0,13.0,7.0,5.0,105.0,2.0,-15.0,233.0,4.0,151.0,3.0,50.0,16.0,7.0,101.0,63.0,176.0,8807,8807,9365,9365
Brooklyn,BK75,Bedford,256.0,283.0,363.0,236.0,324.0,169.0,145.0,409.0,420.0,488.0,624.0,503.0,685.0,207.0,1168.0,459.0,623.0,27722,27722,31659,31659
Brooklyn,BK35,Stuyvesant Heights,33.0,50.0,56.0,167.0,85.0,91.0,76.0,419.0,454.0,277.0,313.0,239.0,491.0,360.0,888.0,426.0,199.0,27842,27842,30052,30052
Brooklyn,BK96,Rugby-Remsen Village,16.0,17.0,14.0,9.0,16.0,-1.0,-1.0,3.0,3.0,5.0,2.0,23.0,136.0,74.0,37.0,10.0,18.0,21639,21639,21728,21728
Bronx,BX31,Allerton-Pelham Gardens,2.0,4.0,12.0,-3.0,19.0,13.0,3.0,13.0,29.0,2.0,15.0,7.0,115.0,9.0,64.0,27.0,45.0,10237,10237,10349,10349
Brooklyn,BK91,East Flatbush-Farragut,27.0,36.0,15.0,4.0,0.0,3.0,0.0,-1.0,-10.0,4.0,93.0,120.0,169.0,144.0,270.0,21.0,43.0,18310,18310,18565,18565
Brooklyn,BK78,Bushwick South,246.0,342.0,244.0,122.0,300.0,116.0,404.0,326.0,561.0,1570.0,1296.0,621.0,689.0,712.0,1058.0,598.0,530.0,26946,26946,32752,32752
Brooklyn,BK77,Bushwick North,154.0,169.0,92.0,56.0,44.0,128.0,65.0,126.0,167.0,243.0,139.0,241.0,384.0,163.0,564.0,304.0,177.0,19267,19267,20722,20722
Queens,QN20,Ridgewood,69.0,145.0,38.0,66.0,6.0,5.0,22.0,69.0,170.0,119.0,112.0,166.0,115.0,241.0,221.0,75.0,506.0,25731,25731,26573,26573
Brooklyn,BK46,Ocean Parkway South,26.0,27.0,-6.0,0.0,15.0,-5.0,-5.0,1.0,4.0,11.0,-3.0,55.0,-6.0,-6.0,12.0,10.0,-1.0,8065,8065,8158,8158
Queens,QN68,Queensbridge-Ravenswood-Long Island City,-9.0,-9.0,108.0,-8.0,229.0,165.0,422.0,328.0,672.0,550.0,250.0,63.0,165.0,95.0,2449.0,1850.0,1537.0,7952,8036,10722,10806
Bronx,BX08,West Farms-Bronx River,12.0,12.0,12.0,9.0,0.0,-6.0,11.0,3.0,10.0,4.0,-2.0,0.0,43.0,8.0,296.0,13.0,23.0,12749,12749,12802,12802
Bronx,BX46,Parkchester,,,3.0,0.0,15.0,6.0,0.0,,,26.0,-5.0,20.0,55.0,23.0,249.0,26.0,59.0,13327,13327,13392,13392
Bronx,BX55,Soundview-Bruckner,3.0,3.0,12.0,9.0,7.0,0.0,3.0,103.0,1.0,5.0,9.0,73.0,349.0,5.0,396.0,0.0,7.0,12537,12537,12762,12762
Queens,QN19,Glendale,-1.0,0.0,-1.0,0.0,4.0,1.0,20.0,1.0,5.0,-2.0,3.0,-12.0,16.0,7.0,75.0,2.0,26.0,12759,12759,12777,12777
Bronx,BX28,Van Cortlandt Village,8.0,10.0,8.0,80.0,15.0,-3.0,30.0,71.0,80.0,-6.0,289.0,-3.0,343.0,33.0,364.0,215.0,9.0,18670,18670,19239,19239
Manhattan,MN15,Clinton,214.0,216.0,1655.0,198.0,1516.0,151.0,1447.0,1058.0,517.0,1243.0,343.0,63.0,589.0,43.0,379.0,58.0,858.0,30592,30592,38997,38997
Queens,QN34,Queens Village,15.0,19.0,13.0,12.0,13.0,18.0,4.0,1.0,0.0,-1.0,11.0,13.0,21.0,9.0,24.0,3.0,30.0,16143,16143,16242,16242
Queens,QN21,Middle Village,27.0,32.0,11.0,8.0,5.0,12.0,7.0,3.0,5.0,7.0,99.0,29.0,19.0,0.0,52.0,-9.0,33.0,15966,15966,16179,16179
Bronx,BX62,Woodlawn-Wakefield,14.0,17.0,23.0,69.0,7.0,74.0,7.0,10.0,15.0,13.0,41.0,48.0,515.0,86.0,317.0,9.0,48.0,16677,16677,16998,16998
Bronx,BX07,Bronxdale,27.0,25.0,12.0,7.0,19.0,-4.0,13.0,-1.0,6.0,18.0,0.0,30.0,181.0,144.0,340.0,88.0,30.0,14495,14495,14622,14622
Brooklyn,BK85,East New York (Pennsylvania Ave),11.0,11.0,126.0,82.0,1.0,5.0,162.0,181.0,20.0,4.0,258.0,198.0,532.0,28.0,165.0,7.0,60.0,10508,10508,11556,11556
Queens,QN55,South Ozone Park,30.0,40.0,44.0,24.0,35.0,29.0,24.0,12.0,4.0,29.0,27.0,37.0,36.0,-1.0,94.0,17.0,81.0,23011,23011,23306,23306
Brooklyn,BK27,Bath Beach,14.0,14.0,17.0,3.0,9.0,24.0,8.0,3.0,-4.0,7.0,10.0,34.0,26.0,41.0,86.0,9.0,7.0,12744,12744,12869,12869
Brooklyn,BK28,Bensonhurst West,43.0,50.0,25.0,40.0,53.0,3.0,28.0,54.0,52.0,70.0,66.0,16.0,46.0,-1.0,576.0,84.0,20.0,33939,33939,34389,34389
Queens,QN30,Maspeth,36.0,42.0,29.0,1.0,34.0,6.0,36.0,20.0,8.0,5.0,11.0,4.0,8.0,0.0,58.0,29.0,62.0,11854,11854,12044,12044
Queens,QN23,College Point,72.0,90.0,97.0,76.0,49.0,18.0,42.0,-2.0,5.0,8.0,219.0,13.0,33.0,18.0,55.0,7.0,41.0,8423,8423,9020,9020
Bronx,BX98,Rikers Island,,,,,,,,,,,,,,,,,,0,0,0,0
Staten Island,SI48,Arden Heights,12.0,21.0,50.0,44.0,42.0,31.0,24.0,12.0,24.0,19.0,27.0,19.0,9.0,7.0,43.0,0.0,10.0,9199,9199,9503,9503
Bronx,BX52,Schuylerville-Throgs Neck-Edgewater Park,9.0,13.0,92.0,9.0,19.0,-2.0,0.0,12.0,-11.0,16.0,18.0,17.0,8.0,10.0,31.0,9.0,36.0,17874,17874,18053,18053
Staten Island,SI01,Annadale-Huguenot-Prince's Bay-Eltingville,30.0,45.0,23.0,53.0,54.0,56.0,43.0,68.0,50.0,51.0,74.0,65.0,71.0,4.0,121.0,8.0,74.0,10608,10608,11175,11175
Manhattan,MN25,Battery Park City-Lower Manhattan,416.0,420.0,1237.0,456.0,178.0,-32.0,767.0,403.0,613.0,897.0,-8.0,428.0,549.0,-3.0,1794.0,180.0,105.0,24256,24256,29611,29611
Manhattan,MN14,Lincoln Square,598.0,1003.0,22.0,-9.0,-31.0,320.0,489.0,873.0,327.0,87.0,1321.0,9.0,232.0,-19.0,160.0,515.0,-17.0,39492,39492,43498,43498
Manhattan,MN17,Midtown-Midtown South,534.0,504.0,344.0,-21.0,80.0,-57.0,377.0,334.0,440.0,988.0,593.0,272.0,450.0,33.0,1059.0,904.0,1133.0,22080,22080,25964,25964
Manhattan,MN40,Upper East Side-Carnegie Hill,125.0,112.0,-54.0,-29.0,-67.0,-118.0,-57.0,-23.0,-62.0,-63.0,118.0,-12.0,17.0,-35.0,-3.0,-14.0,-35.0,36708,36708,36466,36466
Bronx,BX26,Highbridge,137.0,137.0,3.0,115.0,37.0,152.0,82.0,2.0,173.0,260.0,94.0,41.0,491.0,63.0,653.0,83.0,-1.0,13275,13275,14371,14371
Brooklyn,BK21,Seagate-Coney Island,66.0,68.0,-6.0,25.0,183.0,-3.0,19.0,9.0,13.0,57.0,665.0,28.0,921.0,-8.0,897.0,-9.0,258.0,12444,12444,13500,13500
Bronx,BX22,North Riverdale-Fieldston-Riverdale,14.0,19.0,4.0,5.0,35.0,3.0,6.0,130.0,3.0,17.0,4.0,8.0,100.0,56.0,237.0,134.0,40.0,12626,12626,12855,12855
Bronx,BX29,Spuyten Duyvil-Kingsbridge,3.0,4.0,13.0,166.0,34.0,-1.0,61.0,-1.0,115.0,78.0,6.0,47.0,58.0,9.0,173.0,18.0,64.0,14707,14707,15228,15228
Brooklyn,BK40,Windsor Terrace,0.0,-1.0,11.0,-2.0,-2.0,128.0,98.0,-4.0,-3.0,-1.0,18.0,26.0,17.0,-6.0,51.0,23.0,22.0,9684,9684,9953,9953
Brooklyn,BK50,Canarsie,21.0,21.0,35.0,53.0,5.0,36.0,7.0,29.0,9.0,29.0,6.0,7.0,22.0,2.0,25.0,20.0,62.0,29281,29281,29518,29518
Brooklyn,BK42,Flatbush,259.0,259.0,158.0,13.0,26.0,131.0,3.0,50.0,287.0,338.0,267.0,305.0,429.0,206.0,1002.0,127.0,130.0,38816,38816,40653,40653
Brooklyn,BK58,Flatlands,-1.0,28.0,17.0,11.0,-1.0,-2.0,-1.0,1.0,5.0,6.0,12.0,-1.0,27.0,63.0,48.0,4.0,36.0,23258,23258,23304,23304
Queens,QN45,Douglas Manor-Douglaston-Little Neck,9.0,16.0,15.0,11.0,8.0,14.0,5.0,5.0,14.0,1.0,14.0,8.0,64.0,10.0,41.0,33.0,24.0,10144,10144,10248,10248
Bronx,BX09,Soundview-Castle Hill-Clason Point-Harding Park,153.0,162.0,19.0,27.0,55.0,4.0,170.0,143.0,130.0,13.0,460.0,106.0,349.0,15.0,114.0,24.0,66.0,19589,19589,20869,20869
Brooklyn,BK37,Park Slope-Gowanus,261.0,275.0,206.0,66.0,175.0,102.0,-37.0,287.0,554.0,261.0,8.0,565.0,438.0,173.0,1034.0,307.0,37.0,32770,32770,35218,35218
Staten Island,SI11,Charleston-Richmond Valley-Tottenville,44.0,56.0,63.0,37.0,40.0,18.0,8.0,55.0,31.0,84.0,60.0,70.0,116.0,18.0,174.0,11.0,161.0,8389,8389,8899,8899
Staten Island,SI32,Rossville-Woodrow,47.0,55.0,77.0,69.0,100.0,72.0,57.0,44.0,60.0,71.0,3.0,17.0,19.0,-2.0,75.0,8.0,15.0,7694,7694,8311,8311
Manhattan,MN32,Yorkville,9.0,122.0,0.0,3.0,-4.0,-125.0,-125.0,189.0,-90.0,40.0,-67.0,27.0,383.0,-41.0,344.0,3.0,12.0,48624,48624,48481,48481
Queens,QN48,Auburndale,24.0,43.0,39.0,18.0,42.0,16.0,5.0,-6.0,10.0,4.0,17.0,9.0,15.0,19.0,34.0,28.0,12.0,7425,7425,7603,7603
Queens,QN52,East Flushing,12.0,26.0,29.0,19.0,24.0,-9.0,25.0,33.0,2.0,36.0,32.0,33.0,19.0,2.0,243.0,41.0,23.0,9131,9131,9367,9367
Bronx,BX35,Morrisania-Melrose,951.0,1021.0,208.0,-1.0,205.0,261.0,334.0,319.0,100.0,217.0,614.0,50.0,223.0,72.0,802.0,115.0,154.0,13492,13492,16750,16750
Manhattan,MN01,Marble Hill-Inwood,0.0,0.0,20.0,,0.0,28.0,-5.0,-1.0,-6.0,2.0,6.0,22.0,852.0,5.0,5.0,21.0,19.0,18903,18903,18969,18969
Manhattan,MN13,Hudson Yards-Chelsea-Flat Iron-Union Square,440.0,1685.0,310.0,108.0,1046.0,914.0,394.0,965.0,1787.0,928.0,377.0,228.0,606.0,-41.0,3483.0,336.0,801.0,46775,46775,54272,54272
Manhattan,MN23,West Village,141.0,160.0,-22.0,-125.0,-67.0,-12.0,264.0,-17.0,-144.0,52.0,58.0,69.0,179.0,-17.0,-115.0,-18.0,96.0,42810,42810,43007,43007
Manhattan,MN12,Upper West Side,229.0,225.0,45.0,258.0,88.0,-68.0,-193.0,-37.0,-24.0,164.0,-23.0,-9.0,56.0,-228.0,244.0,-119.0,248.0,74414,74414,74844,74844
Bronx,BX43,Norwood,118.0,118.0,-3.0,80.0,97.0,-5.0,-1.0,115.0,55.0,201.0,90.0,28.0,138.0,21.0,140.0,230.0,87.0,15026,15026,15801,15801
Bronx,BX05,Bedford Park-Fordham North,205.0,205.0,60.0,132.0,21.0,93.0,174.0,40.0,73.0,370.0,-28.0,478.0,297.0,106.0,1382.0,147.0,158.0,19518,19518,21136,21136
Bronx,BX40,Fordham South,43.0,43.0,1.0,1.0,-4.0,66.0,20.0,1.0,48.0,181.0,3.0,157.0,126.0,60.0,249.0,132.0,107.0,9134,9134,9651,9651
Bronx,BX41,Mount Hope,0.0,127.0,76.0,0.0,3.0,69.0,128.0,7.0,331.0,274.0,386.0,174.0,840.0,217.0,1061.0,456.0,126.0,17588,17588,19036,19036
Bronx,BX03,Eastchester-Edenwald-Baychester,31.0,38.0,24.0,8.0,28.0,29.0,13.0,27.0,16.0,37.0,9.0,16.0,42.0,-1.0,58.0,7.0,35.0,12514,12514,12752,12752
Bronx,BX13,Co-op City,59.0,58.0,98.0,13.0,2.0,0.0,183.0,34.0,1.0,-5.0,-1.0,0.0,9.0,4.0,13.0,0.0,-72.0,19590,19590,19974,19974
Brooklyn,BK17,Sheepshead Bay-Gerritsen Beach-Manhattan Beach,12.0,26.0,47.0,24.0,27.0,14.0,83.0,-12.0,309.0,54.0,30.0,31.0,148.0,7.0,232.0,222.0,112.0,29707,29707,30326,30326
Staten Island,SI08,Grymes Hill-Clifton-Fox Hills,5.0,115.0,14.0,1.0,6.0,5.0,41.0,57.0,26.0,12.0,21.0,7.0,27.0,8.0,14.0,7.0,42.0,8181,8181,8376,8376
Queens,QN05,Rosedale,37.0,38.0,16.0,25.0,10.0,12.0,8.0,8.0,17.0,7.0,18.0,21.0,18.0,1.0,20.0,2.0,81.0,7964,7964,8143,8143
Staten Island,SI45,New Dorp-Midland Beach,16.0,20.0,22.0,30.0,-24.0,-2.0,16.0,8.0,-18.0,88.0,57.0,33.0,44.0,-3.0,52.0,9.0,24.0,8678,8678,8904,8904
Brooklyn,BK09,Brooklyn Heights-Cobble Hill,0.0,-3.0,99.0,22.0,30.0,-30.0,53.0,177.0,62.0,-125.0,526.0,152.0,4.0,-6.0,196.0,348.0,210.0,12374,12374,13340,13340
Brooklyn,BK45,Georgetown-Marine Park-Bergen Beach-Mill Basin,4.0,5.0,-5.0,2.0,-1.0,-1.0,-1.0,-1.0,-3.0,6.0,13.0,-1.0,10.0,-5.0,33.0,21.0,72.0,18324,18324,18336,18336
Bronx,BX49,Pelham Parkway,19.0,22.0,4.0,3.0,3.0,-1.0,-1.0,-6.0,142.0,23.0,8.0,1.0,164.0,0.0,19.0,9.0,10.0,12116,12116,12311,12311
Brooklyn,BK33,Carroll Gardens-Columbia Street-Red Hook,144.0,168.0,146.0,0.0,51.0,35.0,22.0,472.0,313.0,66.0,105.0,-3.0,259.0,17.0,272.0,15.0,33.0,18566,18566,19917,19917
Queens,QN46,Bayside-Bayside Hills,19.0,34.0,58.0,11.0,15.0,44.0,6.0,6.0,11.0,28.0,32.0,40.0,75.0,15.0,80.0,38.0,72.0,16567,16567,16837,16837
Manhattan,MN04,Hamilton Heights,138.0,138.0,105.0,27.0,7.0,152.0,9.0,162.0,20.0,2.0,35.0,5.0,413.0,10.0,105.0,250.0,-59.0,20221,20221,20883,20883
Manhattan,MN33,East Harlem South,119.0,462.0,287.0,387.0,51.0,271.0,131.0,48.0,214.0,80.0,71.0,560.0,446.0,7.0,729.0,17.0,287.0,24391,24391,26610,26610
Queens,QN71,Old Astoria,388.0,473.0,138.0,137.0,173.0,49.0,120.0,230.0,185.0,206.0,574.0,88.0,451.0,155.0,1893.0,803.0,767.0,12529,12800,14817,15088
Manhattan,MN99,park-cemetery-etc-Manhattan,0.0,0.0,,0.0,0.0,,,,,,0.0,-112.0,1.0,-1.0,-32.0,,,120,120,8,8
Queens,QN72,Steinway,60.0,76.0,35.0,42.0,93.0,32.0,19.0,19.0,107.0,100.0,2.0,13.0,282.0,21.0,195.0,90.0,91.0,22368,22914,22890,23436
Queens,QN47,Ft. Totten-Bay Terrace-Clearview,5.0,9.0,4.0,0.0,-1.0,5.0,3.0,0.0,2.0,5.0,1.0,8.0,18.0,-1.0,84.0,5.0,31.0,10963,10963,10995,10995
Manhattan,MN11,Central Harlem South,414.0,528.0,168.0,38.0,21.0,353.0,-63.0,38.0,73.0,-8.0,-16.0,257.0,25.0,89.0,994.0,26.0,127.0,20687,20687,21962,21962
Manhattan,MN34,East Harlem North,323.0,464.0,338.0,3.0,221.0,340.0,-16.0,47.0,259.0,231.0,228.0,289.0,745.0,65.0,750.0,838.0,508.0,24337,24337,26600,26600
Queens,QN22,Flushing,275.0,276.0,205.0,140.0,283.0,374.0,85.0,255.0,124.0,101.0,752.0,96.0,919.0,265.0,1822.0,698.0,1041.0,29129,29129,31819,31819
Brooklyn,BK34,Sunset Park East,100.0,158.0,143.0,49.0,62.0,23.0,2.0,42.0,42.0,65.0,128.0,133.0,101.0,38.0,263.0,147.0,190.0,21135,21135,21924,21924
Queens,QN42,Oakland Gardens,21.0,22.0,22.0,10.0,12.0,7.0,18.0,12.0,12.0,10.0,7.0,17.0,7.0,4.0,35.0,7.0,25.0,11664,11664,11812,11812
Brooklyn,BK32,Sunset Park West,63.0,66.0,52.0,21.0,57.0,40.0,34.0,39.0,17.0,49.0,14.0,63.0,72.0,299.0,477.0,170.0,276.0,17238,17238,17687,17687
Bronx,BX30,Kingsbridge Heights,133.0,143.0,,-3.0,9.0,34.0,-17.0,1.0,99.0,138.0,-2.0,-8.0,205.0,32.0,218.0,110.0,5.0,11112,11112,11496,11496
Bronx,BX36,University Heights-Morris Heights,125.0,133.0,123.0,151.0,1.0,141.0,61.0,-1.0,63.0,-6.0,22.0,70.0,840.0,218.0,320.0,142.0,405.0,18961,18961,19711,19711
Staten Island,SI35,New Brighton-Silver Lake,5.0,6.0,4.0,3.0,9.0,0.0,-297.0,18.0,-4.0,7.0,23.0,0.0,14.0,10.0,17.0,0.0,7.0,6748,6748,6516,6516
Staten Island,SI22,West New Brighton-New Brighton-St. George,52.0,75.0,91.0,26.0,95.0,20.0,7.0,26.0,58.0,7.0,7.0,9.0,137.0,6.0,174.0,46.0,54.0,13470,13470,13868,13868
Queens,QN37,Kew Gardens Hills,16.0,20.0,9.0,7.0,6.0,6.0,5.0,9.0,30.0,54.0,6.0,7.0,49.0,5.0,68.0,62.0,71.0,14237,14237,14392,14392
Queens,QN25,Corona,63.0,100.0,118.0,96.0,43.0,27.0,55.0,64.0,70.0,182.0,60.0,38.0,72.0,167.0,164.0,59.0,114.0,17782,17817,18598,18633
Queens,QN26,North Corona,193.0,215.0,134.0,51.0,98.0,63.0,9.0,58.0,11.0,34.0,18.0,36.0,13.0,66.0,339.0,81.0,25.0,13144,13712,13849,14417
Manhattan,MN22,East Village,105.0,107.0,-1.0,-29.0,158.0,217.0,86.0,39.0,87.0,-57.0,183.0,4.0,99.0,-3.0,117.0,21.0,107.0,24653,24653,25445,25445
Bronx,BX75,Crotona Park East,207.0,206.0,187.0,129.0,40.0,9.0,120.0,339.0,516.0,141.0,194.0,508.0,246.0,40.0,171.0,307.0,24.0,7498,7498,9888,9888
Staten Island,SI07,Westerleigh,5.0,6.0,18.0,15.0,5.0,9.0,11.0,7.0,8.0,12.0,12.0,17.0,17.0,-1.0,42.0,2.0,9.0,9532,9532,9651,9651
Staten Island,SI28,Port Richmond,3.0,3.0,8.0,14.0,6.0,22.0,5.0,74.0,24.0,55.0,45.0,5.0,40.0,-1.0,85.0,39.0,12.0,6887,6887,7148,7148
Manhattan,MN28,Lower East Side,290.0,345.0,85.0,117.0,14.0,222.0,-20.0,208.0,448.0,1146.0,46.0,272.0,545.0,380.0,465.0,19.0,35.0,31846,31846,34674,34674
Brooklyn,BK19,Brighton Beach,14.0,38.0,14.0,78.0,72.0,68.0,9.0,116.0,58.0,49.0,69.0,19.0,36.0,29.0,123.0,69.0,57.0,16707,16707,17273,17273
Brooklyn,BK23,West Brighton,,,,,,,0.0,0.0,,,576.0,115.0,,,0.0,,2.0,9408,9408,10099,10099
Queens,QN17,Forest Hills,0.0,14.0,33.0,5.0,30.0,40.0,122.0,10.0,9.0,71.0,34.0,-1.0,81.0,220.0,756.0,29.0,147.0,41845,41845,42198,42198
Queens,QN18,Rego Park,24.0,74.0,34.0,78.0,12.0,18.0,319.0,18.0,84.0,109.0,1.0,0.0,61.0,336.0,159.0,371.0,77.0,12836,12836,13533,13533
Manhattan,MN20,Murray Hill-Kips Bay,132.0,129.0,3.0,3.0,158.0,114.0,56.0,96.0,162.0,42.0,22.0,-5.0,495.0,-3.0,474.0,77.0,167.0,31472,31472,32255,32255
Queens,QN28,Jackson Heights,30.0,39.0,60.0,15.0,60.0,4.0,10.0,27.0,50.0,6.0,11.0,7.0,30.0,79.0,205.0,20.0,195.0,38744,39571,39024,39851
Queens,QN63,Woodside,71.0,73.0,140.0,17.0,-4.0,17.0,17.0,43.0,53.0,18.0,44.0,11.0,59.0,208.0,217.0,193.0,38.0,17180,17404,17607,17831
Bronx,BX14,East Concourse-Concourse Village,114.0,278.0,29.0,109.0,226.0,32.0,1.0,127.0,76.0,146.0,52.0,219.0,299.0,83.0,330.0,29.0,149.0,22595,22595,23726,23726
Queens,QN35,Briarwood-Jamaica Hills,80.0,105.0,193.0,13.0,58.0,8.0,24.0,55.0,24.0,9.0,549.0,55.0,446.0,51.0,220.0,102.0,153.0,14343,14343,15411,15411
Queens,QN60,Kew Gardens,6.0,16.0,81.0,70.0,6.0,2.0,-2.0,162.0,4.0,0.0,29.0,43.0,76.0,113.0,76.0,43.0,45.0,11019,11019,11420,11420
Queens,QN70,Astoria,258.0,350.0,204.0,147.0,51.0,286.0,56.0,231.0,87.0,334.0,121.0,149.0,246.0,81.0,657.0,218.0,212.0,37717,38238,39641,40162
Queens,QN62,Queensboro Hill,19.0,39.0,11.0,43.0,22.0,38.0,34.0,56.0,25.0,33.0,65.0,39.0,15.0,8.0,63.0,22.0,27.0,6861,6861,7246,7246
Brooklyn,BK76,Greenpoint,245.0,315.0,77.0,112.0,143.0,328.0,53.0,349.0,460.0,1308.0,130.0,697.0,1220.0,196.0,3398.0,952.0,294.0,17594,17594,21496,21496
Bronx,BX44,Williamsbridge-Olinville,81.0,132.0,270.0,92.0,176.0,100.0,9.0,200.0,60.0,36.0,35.0,141.0,250.0,92.0,624.0,164.0,135.0,23185,23185,24385,24385
Staten Island,SI12,Mariner's Harbor-Arlington-Port Ivory-Graniteville,0.0,10.0,32.0,4.0,18.0,21.0,30.0,11.0,9.0,12.0,43.0,26.0,13.0,5.0,48.0,1.0,43.0,10718,10718,10924,10924
Manhattan,MN09,Morningside Heights,-35.0,-35.0,0.0,1.0,0.0,1.0,-19.0,418.0,-37.0,-6.0,219.0,379.0,79.0,-14.0,734.0,135.0,0.0,22433,22433,23354,23354
Queens,QN12,Hammels-Arverne-Edgemere,64.0,98.0,140.0,93.0,83.0,89.0,104.0,59.0,165.0,292.0,215.0,9.0,686.0,2.0,160.0,66.0,41.0,13989,13989,15302,15302
Queens,QN15,Far Rockaway-Bayswater,1.0,7.0,22.0,16.0,77.0,10.0,3.0,-3.0,16.0,95.0,-5.0,38.0,801.0,479.0,1547.0,76.0,137.0,17805,17805,18075,18075
Bronx,BX01,Claremont-Bathgate,180.0,180.0,539.0,2.0,138.0,25.0,0.0,7.0,7.0,100.0,480.0,190.0,50.0,57.0,344.0,181.0,155.0,10423,10423,12091,12091
Manhattan,MN35,Washington Heights North,46.0,45.0,116.0,4.0,1.0,-7.0,17.0,3.0,24.0,8.0,2.0,0.0,172.0,307.0,115.0,-4.0,627.0,26657,26657,26871,26871
Manhattan,MN36,Washington Heights South,-5.0,-10.0,-8.0,-39.0,9.0,53.0,63.0,60.0,21.0,113.0,106.0,13.0,255.0,-16.0,31.0,7.0,-5.0,30827,30827,31213,31213
Bronx,BX37,Van Nest-Morris Park-Westchester Square,15.0,21.0,18.0,14.0,-6.0,6.0,2.0,-12.0,20.0,2.0,32.0,4.0,13.0,23.0,17.0,1.0,70.0,10779,10779,10874,10874
Bronx,BX59,Westchester-Unionport,125.0,121.0,112.0,3.0,57.0,28.0,134.0,13.0,-5.0,7.0,95.0,194.0,318.0,94.0,103.0,205.0,19.0,9913,9913,10676,10676
Bronx,BX34,Melrose South-Mott Haven North,144.0,144.0,645.0,416.0,9.0,26.0,63.0,201.0,2.0,156.0,183.0,200.0,663.0,69.0,788.0,79.0,88.0,13532,13532,15577,15577
Brooklyn,BK30,Dyker Heights,10.0,12.0,13.0,3.0,2.0,8.0,12.0,19.0,4.0,8.0,7.0,8.0,19.0,0.0,229.0,10.0,13.0,17562,17562,17656,17656
Brooklyn,BK31,Bay Ridge,17.0,17.0,5.0,37.0,0.0,7.0,35.0,-1.0,23.0,7.0,24.0,28.0,28.0,47.0,74.0,67.0,65.0,39069,39069,39251,39251
Staten Island,SI05,New Springville-Bloomfield-Travis,6.0,10.0,10.0,28.0,19.0,99.0,87.0,68.0,69.0,18.0,22.0,21.0,214.0,3.0,36.0,7.0,14.0,14268,14268,14715,14715
Staten Island,SI25,Oakwood-Oakwood Beach,25.0,29.0,-1.0,-31.0,9.0,-45.0,-5.0,-3.0,6.0,3.0,23.0,29.0,7.0,3.0,28.0,-53.0,-20.0,8698,8698,8708,8708
Staten Island,SI54,Great Kills,40.0,66.0,28.0,10.0,26.0,27.0,13.0,17.0,39.0,27.0,30.0,24.0,93.0,4.0,90.0,12.0,202.0,15832,15832,16113,16113
Staten Island,SI14,Grasmere-Arrochar-Ft. Wadsworth,8.0,6.0,8.0,12.0,4.0,4.0,5.0,5.0,8.0,36.0,23.0,21.0,19.0,0.0,15.0,1.0,3.0,6247,6247,6381,6381
Staten Island,SI37,Stapleton-Rosebank,133.0,132.0,56.0,111.0,47.0,17.0,35.0,582.0,73.0,-5.0,29.0,26.0,454.0,22.0,211.0,236.0,800.0,9886,9886,10990,10990
Queens,QN43,Bellerose,7.0,10.0,8.0,-1.0,9.0,14.0,5.0,5.0,1.0,4.0,4.0,5.0,10.0,3.0,11.0,0.0,188.0,8678,8678,8739,8739
Queens,QN44,Glen Oaks-Floral Park-New Hyde Park,0.0,0.0,-2.0,4.0,3.0,0.0,-1.0,6.0,-3.0,0.0,3.0,0.0,3.0,3.0,11.0,0.0,6.0,9748,9748,9758,9758
Queens,QN01,South Jamaica,57.0,74.0,43.0,33.0,21.0,14.0,54.0,5.0,23.0,39.0,30.0,32.0,65.0,20.0,93.0,52.0,58.0,13343,13343,13694,13694
Manhattan,MN19,Turtle Bay-East Midtown,21.0,92.0,-31.0,-119.0,-186.0,88.0,102.0,1118.0,525.0,489.0,623.0,5.0,37.0,-39.0,836.0,161.0,210.0,37427,37427,40062,40062
Manhattan,MN31,Lenox Hill-Roosevelt Island,32.0,32.0,180.0,-44.0,-45.0,-119.0,317.0,56.0,396.0,-29.0,-45.0,316.0,330.0,-40.0,181.0,-29.0,-80.0,51419,51419,52434,52434
Queens,QN31,Hunters Point-Sunnyside-West Maspeth,188.0,205.0,162.0,773.0,2134.0,1008.0,958.0,1252.0,2759.0,2896.0,1041.0,210.0,3268.0,217.0,6297.0,876.0,1264.0,29244,29649,42625,43030
Queens,QN98,Airport,,,,,,,,,,,,,,,0.0,,0.0,0,0,0,0
Queens,QN53,Woodhaven,2.0,7.0,26.0,4.0,15.0,6.0,16.0,4.0,11.0,15.0,4.0,10.0,89.0,25.0,84.0,6.0,76.0,18275,18275,18388,18388
Queens,QN49,Whitestone,-8.0,-13.0,27.0,19.0,-1.0,6.0,16.0,24.0,9.0,42.0,17.0,31.0,41.0,5.0,93.0,24.0,48.0,12283,12283,12465,12465
Brooklyn,BK61,Crown Heights North,182.0,201.0,285.0,565.0,100.0,332.0,259.0,365.0,458.0,737.0,430.0,373.0,934.0,508.0,1172.0,509.0,585.0,44583,44583,48669,48669
Brooklyn,BK64,Prospect Heights,-11.0,14.0,41.0,-1.0,48.0,113.0,27.0,465.0,431.0,16.0,87.0,58.0,714.0,46.0,1312.0,366.0,17.0,9847,9847,11121,11121
Queens,QN56,Ozone Park,9.0,9.0,9.0,0.0,5.0,5.0,22.0,25.0,4.0,2.0,6.0,7.0,2.0,27.0,53.0,82.0,64.0,7310,7310,7404,7404
Queens,QN57,Lindenwood-Howard Beach,3.0,8.0,14.0,-5.0,92.0,13.0,9.0,-2.0,2.0,-1.0,15.0,-13.0,70.0,3.0,59.0,52.0,42.0,11330,11330,11457,11457
Brooklyn,BK99,park-cemetery-etc-Brooklyn,,,0.0,0.0,4.0,,0.0,0.0,-1.0,,,,39.0,0.0,5.0,3.0,-5.0,249,249,252,252
Queens,QN54,Richmond Hill,28.0,33.0,56.0,41.0,208.0,22.0,6.0,31.0,4.0,15.0,9.0,9.0,205.0,9.0,145.0,50.0,184.0,18790,18790,19219,19219
Queens,QN61,Jamaica,154.0,535.0,73.0,53.0,37.0,261.0,5.0,3.0,38.0,558.0,189.0,577.0,1341.0,756.0,2221.0,206.0,295.0,16718,16718,18666,18666
Queens,QN10,Breezy Point-Belle Harbor-Rockaway Park-Broad Channel,78.0,92.0,-4.0,29.0,-85.0,3.0,78.0,42.0,63.0,73.0,75.0,101.0,83.0,2.0,176.0,14.0,22.0,13447,13447,13900,13900
Queens,QN99,park-cemetery-etc-Queens,,,0.0,0.0,,0.0,-5.0,,0.0,,,-18.0,0.0,,0.0,1.0,0.0,164,165,141,142
Bronx,BX10,Pelham Bay-Country Club-City Island,6.0,9.0,28.0,7.0,21.0,19.0,59.0,18.0,42.0,30.0,28.0,8.0,73.0,3.0,106.0,29.0,177.0,12473,12473,12739,12739
Bronx,BX99,park-cemetery-etc-Bronx,0.0,0.0,0.0,0.0,51.0,,230.0,80.0,,123.0,0.0,,562.0,,,,0.0,876,876,1360,1360
Bronx,BX27,Hunts Point,4.0,4.0,1.0,5.0,9.0,-3.0,,-33.0,6.0,47.0,209.0,390.0,703.0,299.0,610.0,32.0,0.0,9244,9244,9879,9879
Brooklyn,BK83,Cypress Hills-City Line,4.0,9.0,9.0,10.0,13.0,5.0,-1.0,0.0,68.0,12.0,-5.0,6.0,526.0,11.0,371.0,94.0,53.0,15384,15384,15505,15505
Bronx,BX39,Mott Haven-Port Morris,229.0,427.0,231.0,60.0,5.0,258.0,256.0,74.0,138.0,784.0,342.0,584.0,688.0,550.0,2544.0,376.0,72.0,18144,18144,21105,21105
Bronx,BX63,West Concourse,6.0,6.0,0.0,-2.0,,106.0,2.0,0.0,218.0,287.0,127.0,0.0,1249.0,543.0,1277.0,-1.0,-4.0,13254,13254,13998,13998
Queens,QN29,Elmhurst,104.0,148.0,58.0,99.0,26.0,84.0,174.0,68.0,54.0,49.0,38.0,177.0,319.0,1.0,528.0,138.0,215.0,28825,28999,29756,29930
Queens,QN50,Elmhurst-Maspeth,12.0,28.0,51.0,60.0,26.0,18.0,5.0,-21.0,23.0,15.0,367.0,140.0,388.0,520.0,368.0,18.0,181.0,8740,8866,9436,9562
Staten Island,SI24,Todt Hill-Emerson Hill-Heartland Village-Lighthouse Hill,27.0,33.0,13.0,25.0,23.0,0.0,9.0,19.0,26.0,174.0,4.0,18.0,226.0,1.0,47.0,14.0,57.0,12095,12095,12433,12433
Staten Island,SI36,Old Town-Dongan Hills-South Beach,26.0,48.0,48.0,32.0,-3.0,12.0,27.0,14.0,-7.0,50.0,40.0,15.0,52.0,18.0,84.0,14.0,37.0,9526,9526,9780,9780
Staten Island,SI99,park-cemetery-etc-Staten Island,,,,,,,,,,,,,,,,,,0,0,0,0
Queens,QN03,Springfield Gardens South-Brookville,12.0,18.0,28.0,23.0,33.0,21.0,27.0,13.0,25.0,28.0,14.0,22.0,22.0,4.0,58.0,13.0,39.0,6261,6261,6507,6507
Queens,QN76,Baisley Park,39.0,40.0,19.0,12.0,24.0,15.0,19.0,15.0,29.0,31.0,26.0,24.0,36.0,23.0,76.0,15.0,58.0,11525,11525,11778,11778
Queens,QN02,Springfield Gardens North,25.0,32.0,15.0,26.0,3.0,10.0,7.0,13.0,14.0,10.0,16.0,169.0,8.0,1.0,37.0,25.0,25.0,10740,10740,11048,11048
Queens,QN66,Laurelton,19.0,25.0,10.0,5.0,-2.0,11.0,8.0,4.0,8.0,15.0,11.0,5.0,102.0,10.0,18.0,8.0,30.0,8344,8344,8438,8438
Queens,QN06,Jamaica Estates-Holliswood,36.0,39.0,-3.0,-1.0,5.0,-3.0,29.0,18.0,6.0,71.0,27.0,68.0,73.0,5.0,155.0,-3.0,30.0,9724,9724,9977,9977
Queens,QN38,Pomonok-Flushing Heights-Hillcrest,8.0,9.0,118.0,51.0,17.0,10.0,0.0,47.0,23.0,20.0,62.0,9.0,819.0,2.0,277.0,9.0,22.0,12294,12294,12659,12659
Manhattan,MN24,SoHo-TriBeCa-Civic Center-Little Italy,104.0,112.0,144.0,82.0,272.0,20.0,65.0,1123.0,315.0,328.0,669.0,341.0,181.0,-4.0,772.0,414.0,245.0,23081,23081,26544,26544
Manhattan,MN27,Chinatown,115.0,124.0,38.0,-7.0,10.0,-17.0,5.0,47.0,121.0,344.0,219.0,43.0,361.0,165.0,187.0,279.0,224.0,19565,19565,20483,20483
Bronx,BX06,Belmont,110.0,110.0,6.0,22.0,8.0,44.0,58.0,71.0,67.0,38.0,15.0,52.0,474.0,213.0,111.0,90.0,27.0,9675,9675,10166,10166
Bronx,BX17,East Tremont,60.0,64.0,221.0,122.0,7.0,131.0,317.0,138.0,-49.0,826.0,165.0,468.0,1111.0,-50.0,1134.0,305.0,97.0,15416,15416,17822,17822
Brooklyn,BK79,Ocean Hill,120.0,142.0,264.0,45.0,73.0,53.0,43.0,283.0,299.0,227.0,98.0,146.0,207.0,218.0,794.0,129.0,64.0,13266,13266,14917,14917
Brooklyn,BK81,Brownsville,158.0,161.0,16.0,178.0,102.0,52.0,2.0,8.0,262.0,5.0,16.0,224.0,436.0,460.0,1269.0,72.0,74.0,21363,21363,22386,22386
Brooklyn,BK38,DUMBO-Vinegar Hill-Downtown Brooklyn-Boerum Hill,657.0,848.0,547.0,87.0,94.0,1226.0,1323.0,711.0,1774.0,1144.0,221.0,1251.0,748.0,60.0,2779.0,433.0,120.0,16500,16500,25535,25535
Brooklyn,BK68,Fort Greene,40.0,125.0,181.0,209.0,349.0,-11.0,241.0,1301.0,480.0,312.0,167.0,6.0,583.0,197.0,479.0,48.0,28.0,12640,12640,15915,15915
Manhattan,MN03,Central Harlem North-Polo Grounds,84.0,122.0,448.0,160.0,41.0,-9.0,85.0,279.0,75.0,113.0,338.0,459.0,572.0,219.0,259.0,75.0,90.0,36324,36324,38397,38397
Manhattan,MN06,Manhattanville,-11.0,-25.0,-8.0,0.0,2.0,12.0,0.0,,48.0,0.0,9.0,7.0,-10.0,-1.0,137.0,7.0,94.0,8558,8558,8617,8617
Brooklyn,BK60,Prospect Lefferts Gardens-Wingate,30.0,34.0,59.0,114.0,201.0,37.0,117.0,826.0,371.0,429.0,818.0,355.0,442.0,413.0,876.0,410.0,219.0,27180,27180,30537,30537
Brooklyn,BK63,Crown Heights South,0.0,0.0,0.0,103.0,6.0,-1.0,-2.0,-6.0,176.0,16.0,55.0,219.0,150.0,7.0,1486.0,83.0,88.0,15066,15066,15632,15632
Brooklyn,BK82,East New York,381.0,392.0,244.0,252.0,209.0,22.0,301.0,224.0,468.0,96.0,275.0,1018.0,1122.0,1003.0,1461.0,318.0,264.0,33772,33772,37262,37262
Brooklyn,BK93,Starrett City,,,,,,,,174.0,,,,,,,,,,6313,6313,6487,6487
Brooklyn,BK73,North Side-South Side,1474.0,2211.0,843.0,810.0,1338.0,844.0,1235.0,880.0,1483.0,798.0,1530.0,495.0,693.0,68.0,1964.0,928.0,484.0,21567,21567,33297,33297
Brooklyn,BK90,East Williamsburg,192.0,318.0,255.0,211.0,213.0,234.0,321.0,152.0,436.0,181.0,233.0,215.0,403.0,830.0,587.0,268.0,436.0,15861,15861,18504,18504
Manhattan,MN21,Gramercy,-3.0,3.0,161.0,1.0,33.0,82.0,-24.0,34.0,2.0,267.0,66.0,13.0,150.0,50.0,166.0,99.0,17.0,17194,17194,17826,17826
Manhattan,MN50,Stuyvesant Town-Cooper Village,0.0,0.0,,,0.0,,11.0,5.0,,0.0,,,,,0.0,,,11224,11224,11240,11240
